"HXB2","Alignment","AA_Prevalence"
"1","1","M"
"2","2","K_R"
"3","3","A_V"
"4","4","K_M_R_T"
"5","5","E_G"
"5A","6","Gap_I_M_T"
"5B","7","Gap_K_L_Q_R"
"5C","8","Gap_K_M_R"
"6","9","K_N_S"
"7","10","C_W_Y"
"8","11","P_Q_R"
"9","12","H_L_N_P_Q_R"
"9A","13","Gap"
"10","14","L_W"
"11","15","L_W"
"12","16","I_K_R_T"
"13","17","G_W"
"14","18","Gap_G"
"15","19","Gap_W"
"15A","20","Gap"
"16","21","Gap_R"
"17","22","Gap_W"
"18","23","G_S"
"19","24","I_M_T_V"
"20","25","I_L_M"
"21","26","G_I_L"
"22","27","F_L"
"22A","28","Gap"
"23","29","G_W"
"24","30","I_L_M_T"
"25","31","I_L_M_V"
"26","32","Gap_I_M"
"27","33","Gap_F_I_M_T"
"27A","34","Gap"
"28","35","C_Y"
"29","36","K_N_R_S"
"30","37","A_G_T_V"
"30A","38","Gap"
"30B","39","Gap"
"30C","40","Gap"
"30D","41","Gap"
"30E","42","Gap"
"30F","43","Gap"
"30G","44","Gap"
"30H","45","Gap"
"31","46","Gap_A_E_G_S_T_V"
"32","47","D_E_G_K_N"
"33","48","D_K_N_Q"
"34","49","L"
"34A","50","Gap"
"34B","51","Gap"
"35","52","W"
"36","53","V"
"37","54","T"
"38","55","V"
"39","56","Y"
"40","57","Y"
"41","58","G"
"42","59","V"
"43","60","P"
"44","61","V"
"45","62","W"
"46","63","E_K_R"
"47","64","D_E"
"48","65","A"
"49","66","D_E_K_N_T"
"50","67","A_T"
"51","68","T"
"52","69","L"
"53","70","F"
"54","71","C"
"55","72","A"
"56","73","S"
"57","74","D"
"58","75","A"
"59","76","K"
"60","77","A_G_S"
"61","78","H_Y"
"62","79","D_E_K_S"
"63","80","A_K_R_T"
"64","81","E"
"65","82","A_K_S_V"
"66","83","H"
"67","84","N"
"68","85","I_V"
"69","86","W"
"70","87","A"
"71","88","T"
"72","89","H"
"73","90","A"
"74","91","C"
"75","92","V"
"76","93","P"
"77","94","T"
"78","95","D"
"79","96","P"
"80","97","D_N_S"
"81","98","P"
"82","99","Q"
"83","100","E"
"84","101","I_L_M_V"
"85","102","D_E_F_H_I_K_L_P_V_Y"
"86","103","L_M"
"87","104","D_E_G_K_V"
"88","105","N"
"89","106","V"
"90","107","T"
"91","108","E"
"92","109","D_E_K_N"
"93","110","F"
"94","111","N"
"95","112","M"
"96","113","W"
"97","114","E_K"
"98","115","N"
"99","116","D_E_K_N"
"100","117","M"
"101","118","A_V"
"102","119","D_E_N"
"103","120","Q"
"104","121","M"
"105","122","H_Q"
"106","123","E_T"
"107","124","D"
"108","125","I_V"
"109","126","I"
"110","127","N_S"
"111","128","L"
"112","129","W"
"113","130","D"
"114","131","E_Q"
"115","132","S"
"116","133","L"
"117","134","K_Q"
"118","135","P"
"119","136","C"
"120","137","V"
"121","138","K_Q"
"122","139","L"
"123","140","T"
"124","141","P"
"125","142","L"
"126","143","C"
"127","144","V"
"128","145","T"
"129","146","L"
"130","147","D_E_H_K_N_Q_T"
"131","148","C"
"132","149","I_K_R_S_T"
"133","150","D_E_K_N_T"
"134","151","A_I_L_N_V_Y"
"135","152","I_K_N_R_S_T_V"
"136","153","A_F_G_I_K_L_N_S_T_V"
"137","154","A_D_I_N_S_T_V"
"138","155","Gap_A_D_G_I_K_N_R_S_T"
"139","156","Gap_A_D_G_I_N_S_T_V"
"140","157","Gap_A_G_K_N_S_T"
"141","158","Gap_A_L_N_S_T_V"
"142","159","Gap_A_G_N_S_T"
"142A","160","Gap_N_S_T"
"142B","161","Gap_N_S_T"
"142C","162","Gap_N_T"
"142D","163","Gap_T"
"142E","164","Gap"
"142F","165","Gap"
"142G","166","Gap"
"142H","167","Gap"
"142I","168","Gap"
"142J","169","Gap"
"142K","170","Gap"
"142L","171","Gap"
"142M","172","Gap"
"142N","173","Gap"
"142O","174","Gap"
"142P","175","Gap"
"142Q","176","Gap"
"142R","177","Gap_N"
"142S","178","Gap_N_S"
"142T","179","Gap_G_S_T"
"142U","180","Gap_N_S_T"
"143","181","Gap_A_G_N_S_T_V"
"144","182","Gap_A_I_N_S_T_V"
"145","183","Gap_D_K_N_S_T"
"146","184","Gap_A_E_G_I_K_N_S_T_V_W_Y"
"147","185","Gap_D_E_G_I_K_N_S_T_V_Y"
"148","186","Gap_D_E_G_I_K_M_N_S_T_V"
"149","187","Gap_D_E_G_I_M_N_S_T"
"150","188","Gap_D_E_G_I_M_N_S_T_Y"
"151","189","D_E_G_I_K_M_N_Q_R_S_T"
"152","190","D_E_G_K_N_T"
"153","191","D_E_G_Q"
"154","192","I_L_M_V"
"155","193","K_R"
"156","194","N"
"157","195","C"
"158","196","S_T"
"159","197","F_Y"
"160","198","N"
"161","199","A_I_M_T_V"
"162","200","T"
"163","201","T"
"164","202","A_E_G_N_S_V"
"165","203","I_L_V"
"166","204","K_R"
"167","205","D_G_N"
"168","206","K_R"
"169","207","K_M_Q_R_V"
"170","208","Gap_K_Q_R"
"171","209","K_N_Q_R_T"
"172","210","A_D_E_M_V"
"173","211","H_N_S_Y"
"174","212","A_S"
"175","213","F_L"
"176","214","F"
"177","215","Y"
"178","216","K_R"
"179","217","L_P_Q"
"180","218","D"
"181","219","I_L_V"
"182","220","E_I_V"
"183","221","P_Q_S"
"184","222","I_L_M"
"185","223","D_E_G_K_N_S"
"186","224","D_E_G_K_N_S"
"186A","225","Gap_D_E_G_K_N_S_T"
"186B","226","Gap_K_N_Q_S"
"186C","227","Gap_N_S"
"186D","228","Gap_S"
"186E","229","Gap"
"186F","230","Gap"
"186G","231","Gap"
"186H","232","Gap"
"186I","233","Gap"
"186J","234","Gap_N_S"
"186K","235","Gap_N_S"
"186L","236","Gap_E_K_N_S"
"186M","237","Gap_D_E_G_K_N_S"
"186N","238","Gap_G_K_N_S_T"
"187","239","Gap_D_N_S_T"
"188","240","Gap_G_N_S_T_Y"
"189","241","D_E_G_K_N_S_T"
"190","242","D_E_K_N_Q_S_T_Y"
"191","243","Y"
"192","244","I_M_R"
"193","245","L"
"194","246","I"
"195","247","N_S"
"196","248","C"
"197","249","N"
"198","250","T_V"
"199","251","S"
"200","252","A_T_V"
"201","253","I_L_V"
"202","254","A_K_T"
"203","255","Q"
"204","256","A"
"205","257","C"
"206","258","P"
"207","259","K"
"208","260","I_V"
"209","261","S_T"
"210","262","F"
"211","263","D_E"
"212","264","P"
"213","265","I"
"214","266","P"
"215","267","I"
"216","268","H"
"217","269","F_Y"
"218","270","C"
"219","271","A_T"
"220","272","P"
"221","273","A"
"222","274","G"
"223","275","F_Y"
"224","276","A"
"225","277","I_L"
"226","278","L"
"227","279","K"
"228","280","C"
"229","281","K_N_R"
"230","282","D_E_N"
"231","283","E_K"
"232","284","E_G_K_N_T"
"233","285","F"
"234","286","N_S"
"235","287","G"
"236","288","I_K_T"
"237","289","G"
"238","290","L_P_S"
"239","291","C"
"240","292","H_K_N_R_S_T"
"241","293","N"
"242","294","V"
"243","295","S"
"244","296","S_T"
"245","297","V"
"246","298","Q"
"247","299","C"
"248","300","T"
"249","301","H"
"250","302","G"
"251","303","I"
"252","304","K_R"
"253","305","P"
"254","306","V"
"255","307","I_V"
"256","308","S"
"257","309","T"
"258","310","Q"
"259","311","L"
"260","312","L"
"261","313","L"
"262","314","N"
"263","315","G"
"264","316","S"
"265","317","L"
"266","318","A"
"267","319","E_K"
"268","320","D_E_G_K"
"269","321","D_E_G_K"
"269A","322","Gap"
"270","323","I_V"
"271","324","I_K_M_V"
"272","325","I_V"
"273","326","R"
"274","327","S"
"275","328","E_K"
"276","329","D_N"
"277","330","F_I_L"
"278","331","S_T"
"279","332","D_N"
"280","333","N"
"281","334","A_T_V"
"282","335","K"
"283","336","I_N_T"
"284","337","I"
"285","338","I_L"
"286","339","I_V"
"287","340","H_Q"
"288","341","F_L"
"289","342","D_K_N_T_V"
"290","343","D_E_K_N_Q"
"291","344","A_P_S_T"
"292","345","I_V"
"293","346","E_I_K_N_Q_T_V"
"294","347","I"
"295","348","E_I_K_N_T_V"
"296","349","C"
"297","350","I_T_V"
"298","351","R"
"299","352","P"
"300","353","G_N_S_Y"
"301","354","N"
"302","355","N"
"303","356","T"
"304","357","R"
"305","358","K_Q_R_T"
"306","359","G_R_S"
"307","360","I_M_V"
"308","361","H_N_P_R_S_T"
"309","362","I_L_M"
"310","363","Gap"
"311","364","Gap"
"312","365","G"
"313","366","P"
"314","367","G"
"315","368","Q_R"
"316","369","A_T_V"
"317","370","F_L_W"
"318","371","F_Y"
"319","372","A_R_T"
"320","373","R_T"
"320A","374","Gap_D_G"
"320B","375","Gap"
"320C","376","Gap"
"321","377","A_D_E_N_Q_R"
"322","378","I_V"
"323","379","I_T_V"
"324","380","G"
"325","381","D_N"
"326","382","I"
"327","383","R"
"328","384","E_K_Q"
"329","385","A"
"330","386","H_Y"
"331","387","C"
"332","388","E_K_N_T"
"333","389","I_L_V"
"334","390","N_S"
"335","391","A_E_G_K_R_S"
"336","392","A_D_E_G_K_S_T"
"337","393","A_D_E_K_N_Q_R_T"
"338","394","W"
"339","395","E_H_K_N_S_T"
"340","396","D_E_K_N_R_S_T"
"341","397","A_M_T"
"342","398","L"
"343","399","E_G_H_K_N_Q_R"
"344","400","E_G_K_N_Q_R"
"345","401","I_V"
"346","402","A_E_G_K_S_T_V"
"347","403","A_D_E_G_I_K_N_R_T"
"348","404","K_Q_R"
"349","405","L"
"350","406","A_E_G_K_Q_R"
"351","407","D_E_K_T"
"352","408","H_K_L_Q_Y"
"353","409","F_L_Y"
"354","410","Gap_E_G_K_N_P_R"
"354A","411","Gap"
"354B","412","Gap"
"354C","413","Gap"
"354D","414","Gap"
"354E","415","Gap"
"355","416","Gap_N"
"356","417","K_N_T"
"357","418","K_R_S_T"
"358","419","A_K_N_T"
"359","420","I"
"360","421","A_E_I_K_N_S_T_V"
"361","422","F"
"362","423","A_E_K_N_Q_T"
"362A","424","Gap"
"363","425","H_K_N_P_Q_S"
"364","426","H_P_S"
"365","427","A_S"
"366","428","G"
"367","429","G"
"368","430","D"
"369","431","I_L_P"
"370","432","E"
"371","433","I_V"
"372","434","T_V"
"373","435","M_T"
"374","436","H"
"375","437","H_S_T"
"376","438","F"
"377","439","N"
"378","440","C"
"379","441","A_G_R"
"380","442","G"
"381","443","E"
"382","444","F"
"383","445","F"
"384","446","Y"
"385","447","C"
"386","448","D_N"
"387","449","S_T"
"388","450","A_S_T"
"389","451","D_E_G_K_N_Q_R_S"
"390","452","L"
"390A","453","Gap"
"391","454","F"
"392","455","N_S_T"
"393","456","Gap_E_G_N_S"
"394","457","Gap_I_N_S_T"
"395","458","Gap_C_F_L_W_Y"
"396","459","Gap_D_F_I_L_M_N_T_W_Y"
"397","460","Gap_D_E_F_G_H_N_P_S_V_W"
"398","461","Gap_D_N_S_T"
"399","462","Gap_D_E_G_N_S_T_Y"
"400","463","Gap_N_S_T_W"
"401","464","Gap_N_S_T_W"
"401A","465","Gap_N"
"401B","466","Gap"
"401C","467","Gap"
"401D","468","Gap"
"401E","469","Gap"
"401F","470","Gap"
"402","471","Gap_N_S_T"
"403","472","Gap_N_S_T_Y"
"404","473","Gap_D_E_G_N_Q_S_T_Y"
"405","474","Gap_E_G_K_N_S_T_V"
"406","475","Gap_A_D_E_G_N_S_T"
"407","476","Gap_D_E_G_I_K_N_S_T"
"408","477","Gap_D_E_G_I_N_S_T"
"409","478","D_E_G_K_N_S_T_V"
"410","479","D_E_G_L_N_S_T"
"411","480","D_E_G_N_S_T"
"412","481","A_D_E_G_N_S_T"
"413","482","I_N_T"
"414","483","I_L"
"415","484","I_T"
"416","485","I_L"
"417","486","P_Q"
"418","487","C"
"419","488","K_R"
"420","489","I"
"421","490","K_R"
"422","491","Q"
"423","492","F_I_V"
"424","493","I_V"
"425","494","N_R"
"426","495","L_M_R"
"427","496","W"
"428","497","Q"
"429","498","E_G_K_R"
"430","499","A_T_V"
"431","500","G"
"432","501","K_Q_R"
"433","502","A"
"434","503","I_M"
"435","504","Y"
"436","505","A"
"437","506","P"
"438","507","P"
"439","508","I"
"440","509","A_E_K_P_Q_R_S"
"441","510","G"
"442","511","E_I_K_L_N_Q_S_V"
"443","512","I"
"444","513","K_N_R_S_T"
"445","514","C"
"446","515","E_I_K_L_N_R_S_T_V"
"447","516","S"
"448","517","N_S"
"449","518","I"
"450","519","T"
"451","520","G"
"452","521","I_L"
"453","522","I_L"
"454","523","L"
"455","524","T_V"
"456","525","R"
"457","526","D"
"458","527","G"
"459","528","G"
"459A","529","Gap"
"459B","530","Gap"
"459C","531","Gap"
"459D","532","Gap"
"459E","533","Gap"
"459F","534","Gap"
"459G","535","Gap"
"459H","536","Gap"
"459I","537","Gap"
"459J","538","Gap"
"459K","539","Gap"
"459L","540","Gap"
"459M","541","Gap"
"459N","542","Gap"
"459O","543","Gap_N_T"
"459P","544","Gap_D_G_K_N_S_T"
"460","545","Gap_D_E_G_K_N_S_T"
"461","546","D_E_G_I_K_N_S_T"
"462","547","D_E_N_S_T"
"463","548","A_G_K_N_S_T"
"464","549","A_D_E_G_K_N_Q_S_T"
"465","550","E_N_S_T"
"466","551","E"
"467","552","I_T_V"
"468","553","F"
"469","554","R"
"470","555","P"
"471","556","A_E_G_T"
"472","557","G"
"473","558","G"
"474","559","D_N"
"475","560","I_M"
"476","561","K_R"
"477","562","D_N"
"478","563","N"
"479","564","W"
"480","565","R"
"481","566","N_S"
"482","567","E"
"483","568","L"
"484","569","Y"
"485","570","K"
"486","571","Y"
"487","572","K"
"488","573","V"
"489","574","V"
"490","575","E_K_Q_R"
"491","576","I_L"
"492","577","E_K"
"493","578","P"
"494","579","I_L"
"495","580","G"
"496","581","I_L_V"
"497","582","A"
"498","583","P"
"499","584","T"
"500","585","A_E_G_K_R"
"501","586","A"
"502","587","K_R"
"503","588","R"
"504","589","R"
"505","590","V"
"506","591","V"
"507","592","E_G_Q"
"508","593","R"
"509","594","E"
"510","595","K"
"511","596","R"
"512","597","A"
"512A","598","Gap"
"513","599","Gap_I_V"
"514","600","A_G_T"
"514A","601","Gap_T"
"515","602","I_L_M"
"516","603","G"
"517","604","A"
"517A","605","Gap"
"518","606","L_M_V"
"519","607","F_I_L"
"520","608","F_I_L"
"521","609","G"
"522","610","F"
"523","611","L"
"524","612","G"
"525","613","A_T_V"
"526","614","A"
"527","615","G"
"528","616","S"
"529","617","T"
"530","618","M"
"531","619","G"
"532","620","A"
"533","621","A"
"534","622","S"
"535","623","I_L_M_V"
"536","624","A_T"
"537","625","L"
"538","626","T"
"539","627","A_V"
"540","628","Q"
"541","629","A_V"
"542","630","R"
"543","631","L_Q"
"544","632","L_V"
"545","633","L"
"546","634","S"
"547","635","G"
"548","636","I"
"549","637","V"
"550","638","Q"
"551","639","Q"
"552","640","Q"
"553","641","N_R_S"
"554","642","N"
"555","643","L"
"556","644","L"
"557","645","K_R"
"558","646","A"
"559","647","I"
"560","648","E"
"561","649","A"
"562","650","Q"
"563","651","Q"
"564","652","H_Q"
"565","653","L_M"
"566","654","L"
"567","655","K_Q_R"
"568","656","L"
"569","657","T"
"570","658","V"
"571","659","W"
"572","660","G"
"573","661","I"
"574","662","K"
"575","663","Q"
"576","664","L"
"577","665","Q"
"578","666","A_T"
"579","667","R"
"580","668","I_V"
"581","669","L"
"582","670","A"
"583","671","I_L_V"
"584","672","E"
"585","673","R_S"
"586","674","Y"
"587","675","L"
"588","676","K_Q_R"
"589","677","D"
"590","678","Q"
"591","679","K_Q"
"592","680","F_L"
"593","681","L"
"594","682","G"
"595","683","I_L"
"596","684","W"
"597","685","G"
"598","686","C"
"599","687","S"
"600","688","G"
"601","689","K_R"
"602","690","H_I_L"
"603","691","I"
"604","692","C"
"605","693","P_T"
"606","694","T"
"607","695","A_N_S_T"
"608","696","V"
"609","697","P"
"610","698","W"
"611","699","N"
"612","700","A_S_T"
"613","701","S_T"
"614","702","W"
"615","703","S"
"615A","704","Gap"
"616","705","N"
"617","706","K_R"
"618","707","N_S_T"
"619","708","K_L_Q_V_Y"
"620","709","D_E_G_K_N_S_T"
"621","710","D_E_K_Q_Y"
"622","711","I"
"623","712","W"
"623A","713","Gap"
"624","714","D_E_G_N"
"625","715","N"
"626","716","L_M_T"
"627","717","T"
"628","718","W"
"629","719","I_L_M_V"
"630","720","E_Q"
"631","721","W"
"632","722","D_E"
"633","723","K_R"
"634","724","E"
"635","725","I_V"
"636","726","D_N_S"
"637","727","N"
"638","728","Y"
"639","729","T"
"640","730","D_E_G_N_Q_S"
"641","731","E_I_L_Q_T"
"642","732","I"
"643","733","Y"
"644","734","D_E_G_K_N_R_S_T"
"645","735","I_L"
"646","736","I_L"
"647","737","E_T"
"648","738","D_E_K_Q_V"
"649","739","S"
"650","740","Q"
"651","741","D_I_N_S_T"
"652","742","Q"
"653","743","Q"
"654","744","D_E"
"655","745","I_K_Q_R"
"656","746","N"
"657","747","E"
"658","748","K_L_Q"
"659","749","D_E"
"660","750","L"
"661","751","L"
"662","752","A_E_Q"
"663","753","L"
"664","754","D"
"665","755","K_S"
"666","756","W"
"667","757","A_D_E_K_N_Q_T"
"668","758","N_S"
"669","759","L"
"670","760","W"
"671","761","N_S_T"
"672","762","W"
"673","763","F"
"674","764","D_G_N_S"
"675","765","I"
"676","766","S_T"
"677","767","K_N_Q_R"
"678","768","W"
"679","769","L"
"680","770","W"
"681","771","Y"
"682","772","I"
"683","773","K_R"
"684","774","I_L"
"685","775","F"
"686","776","I"
"687","777","I_M"
"688","778","I_V"
"689","779","I_V"
"690","780","G"
"691","781","G"
"692","782","L"
"693","783","I_V"
"694","784","G"
"695","785","L"
"696","786","R"
"697","787","I"
"698","788","I_V"
"699","789","F"
"700","790","A_T"
"701","791","V"
"702","792","I_L"
"703","793","A_N_S"
"704","794","I_L_V"
"705","795","I_V"
"706","796","K_N"
"707","797","R"
"708","798","V"
"709","799","R"
"710","800","K_Q"
"711","801","G"
"712","802","Y"
"713","803","S"
"714","804","P"
"715","805","L"
"716","806","S"
"717","807","F_L"
"718","808","Q"
"719","809","I_T"
"720","810","H_L_P_R"
"721","811","F_I_L_P_T"
"722","812","H_P"
"723","813","A_H_N_S_T_V"
"723A","814","Gap"
"723B","815","Gap"
"724","816","P_Q_S"
"725","817","G_R"
"726","818","D_E_G"
"726A","819","Gap"
"727","820","L_P"
"728","821","D_G"
"729","822","R"
"730","823","L_P"
"731","824","E_G_R"
"732","825","E_G_R"
"733","826","I_T"
"734","827","E"
"735","828","E_G"
"736","829","E_G"
"737","830","D_G"
"738","831","G"
"739","832","E"
"740","833","Q_R"
"741","834","D_G"
"742","835","K_R"
"743","836","D_G_N_T"
"744","837","K_R"
"745","838","S"
"746","839","G_I_T_V"
"747","840","P_R"
"748","841","L"
"749","842","V"
"750","843","D_H_N_S_T"
"751","844","G"
"752","845","F_L_S"
"753","846","L_S"
"754","847","A_P_S_T"
"755","848","I_L"
"756","849","A_F_I_V"
"757","850","W"
"758","851","D_E_V"
"759","852","D"
"760","853","L"
"761","854","R"
"762","855","N_S"
"763","856","L"
"764","857","C_F"
"765","858","L"
"766","859","F"
"767","860","C_L_S"
"768","861","Y"
"769","862","H_R"
"770","863","H_L_Q_R"
"771","864","L"
"772","865","R"
"773","866","D"
"774","867","F_L"
"775","868","I_L_V"
"776","869","L_S"
"777","870","I_L_V"
"778","871","A_T_V"
"779","872","A_T_V"
"780","873","R"
"781","874","A_G_I_T_V"
"782","875","A_V"
"783","876","E_G"
"784","877","I_L"
"785","878","L"
"786","879","G"
"787","880","H_Q_R"
"787A","881","Gap_N_S"
"787B","882","Gap_S"
"787C","883","Gap_L"
"787D","884","Gap_K_R"
"787E","885","Gap_G"
"787F","886","Gap_L"
"787G","887","Gap_Q_R"
"788","888","K_L_R"
"789","889","G"
"790","890","W"
"791","891","E"
"792","892","A_G_I_T_V"
"793","893","I_L"
"794","894","K_R"
"795","895","Y"
"796","896","L_W"
"797","897","G_W"
"798","898","G_N_S"
"799","899","L"
"800","900","L_V"
"801","901","L_Q_S_V"
"802","902","Y"
"803","903","W"
"804","904","G_I_S_V"
"805","905","L_Q_R"
"806","906","E"
"807","907","L"
"808","908","K_R"
"809","909","I_K_N_R_T"
"810","910","S"
"811","911","A"
"812","912","I_T_V"
"813","913","N_S"
"814","914","L"
"815","915","F_I_L_V"
"816","916","D_N"
"817","917","A_I_T"
"818","918","I_L_T_V"
"819","919","A"
"820","920","I"
"821","921","A_T_V"
"822","922","V"
"823","923","A"
"824","924","E_G_N"
"825","925","G_W"
"826","926","T"
"827","927","D"
"828","928","R_S"
"829","929","A_I_V"
"830","930","I_L"
"831","931","D_E"
"832","932","A_I_L_V"
"833","933","A_G_I_L_V"
"834","934","Q_R"
"835","935","G_R"
"836","936","A_F_I_L_T_V"
"837","937","C_F_G_V_W_Y"
"838","938","R"
"839","939","A_G"
"840","940","F_I_V"
"841","941","C_I_L_R_Y"
"842","942","H_N"
"843","943","I_V"
"844","944","P"
"845","945","R_T_V"
"846","946","R"
"847","947","I"
"848","948","R"
"849","949","Q"
"850","950","G"
"851","951","A_F_L"
"852","952","E"
"853","953","A_R_T"
"854","954","A_I_L_S"
"855","955","L"
"856","956","L_Q_V"
"856A","957","Gap"
